{
  "negative": {
    "precision": 0.6860068259385665,
    "recall": 0.8617363344051447,
    "f1-score": 0.763895486935867,
    "support": 933.0
  },
  "neutral": {
    "precision": 1.0,
    "recall": 0.002044989775051125,
    "f1-score": 0.004081632653061225,
    "support": 489.0
  },
  "positive": {
    "precision": 0.6894865525672371,
    "recall": 0.8650306748466258,
    "f1-score": 0.7673469387755102,
    "support": 978.0
  },
  "accuracy": 0.6879166666666666,
  "macro avg": {
    "precision": 0.7918311261686012,
    "recall": 0.5762706663422739,
    "f1-score": 0.5117746861214795,
    "support": 2400.0
  },
  "weighted avg": {
    "precision": 0.7514009237547669,
    "recall": 0.6879166666666666,
    "f1-score": 0.6104898807503999,
    "support": 2400.0
  }
}