{
  "negative": {
    "precision": 0.7677083333333333,
    "recall": 0.789924973204716,
    "f1-score": 0.7786582144743793,
    "support": 933.0
  },
  "neutral": {
    "precision": 0.457286432160804,
    "recall": 0.3721881390593047,
    "f1-score": 0.41037204058624577,
    "support": 489.0
  },
  "positive": {
    "precision": 0.772552783109405,
    "recall": 0.8231083844580777,
    "f1-score": 0.7970297029702971,
    "support": 978.0
  },
  "accuracy": 0.7183333333333334,
  "macro avg": {
    "precision": 0.6658491828678474,
    "recall": 0.6617404989073661,
    "f1-score": 0.6620199860103074,
    "support": 2400.0
  },
  "weighted avg": {
    "precision": 0.7064339842531797,
    "recall": 0.7183333333333334,
    "f1-score": 0.7111062881067586,
    "support": 2400.0
  }
}