{
  "negative": {
    "precision": 0.7278688524590164,
    "recall": 0.7138263665594855,
    "f1-score": 0.7207792207792207,
    "support": 933.0
  },
  "neutral": {
    "precision": 0.38944723618090454,
    "recall": 0.3169734151329243,
    "f1-score": 0.34949267192784667,
    "support": 489.0
  },
  "positive": {
    "precision": 0.7148114075436982,
    "recall": 0.7944785276073619,
    "f1-score": 0.752542372881356,
    "support": 978.0
  },
  "accuracy": 0.6658333333333334,
  "macro avg": {
    "precision": 0.6107091653945397,
    "recall": 0.608426103099924,
    "f1-score": 0.6076047551961411,
    "support": 2400.0
  },
  "weighted avg": {
    "precision": 0.653594539339359,
    "recall": 0.6658333333333334,
    "f1-score": 0.6580730709323734,
    "support": 2400.0
  }
}